Metric,Train,Test
R2,0.9947203783067705,0.9839561528066187
MAPE,0.019873151329467972,0.03147303584576201
MSE,542.0629756495462,1751.7800972061912
